constituency,AITC+_candidate,AITC+_total_votes,AITC+_vote_share,BJP_candidate,BJP_total_votes,BJP_vote_share,Other_candidate,Other_total_votes,Other_vote_share
Alipurduars,SUMAN KANJILAL,72822,31.33,PARITOSH DAS,143242,61.62,SHYAMAL ROY,14948,6.44
Amdanga,MOHAMMAD KASEM SIDDIQUE,81670,38.25,ARINDAM DEY,78675,36.85,BISWAJIT MAITY,52367,24.52
Amta,SUKANTA KUMAR PAUL,100195,42.28,AMIT SAMANTA,104649,44.16,JOSHIMUDDIN MALLICK,29696,12.53
Arambag,BAG MITA,94041,39.87,BAG HEMANTA,123000,52.15,BITHIKA PANDIT,18834,7.98
Asansol Dakshin,TAPAS BANERJEE,78743,36.49,AGNIMITRA PAUL,119582,55.42,SILPI CHAKRABORTY,16678,7.71
Asansol Uttar,MOLOY GHATAK,92901,44.11,KRISHNENDU MUKHERJEE,104516,49.63,AKHILESH KUMAR SINGH,11866,5.63
Ashoknagar,NARAYAN GOSWAMI,87399,39.77,DR. SUMAY HIRA,96807,44.05,TAPAS BANERJEE,35252,16.04
Ausgram,SHYAMA PRASANNA LOHAR,95157,42.13,KALITA MAJI,107692,47.68,CHANCHAL KUMAR MAJHI,23037,10.18
Baduria,BURHANUL MUKADDIM (LITON),103334,45.45,SUKRITI KUMAR SARKAR,63273,27.83,MD. KUTUBUDDIN FATEHE,57614,25.34
Bagda,MADHUPARNA THAKUR,86691,39.91,SOMA THAKUR,121307,55.84,GOUR BISWAS,7932,3.65
Baghmundi,SUSHANTA MAHATO,71846,31.22,RAHIDAS MAHATO,112663,48.95,NEPAL CHANDRA MAHATO,43514,18.91
Bagnan,ARUNAVA SEN,105060,48.1,PRAMANSHU RANA,93744,42.92,BHASKAR ROY,18648,8.53
Baharampur,NARU GOPAL MUKHERJEE,49586,22.11,SUBRATA MAITRA (KANCHAN),91088,40.62,ADHIR RANJAN CHOWDHURY,82349,36.73
Baisnabnagar,CHANDANA SARKAR,61811,27.49,RAJU KARMAKAR,108692,48.34,MAMUNI MANDAL,53937,23.98
Balagarh,RANJAN DHARA,83710,37.03,SUMANA SARKAR,125624,55.58,BIKASH GOLDER,16697,7.4
Balarampur (Purulia),SHANTIRAM MAHATO,83370,37.9,JALADHAR MAHATO,118421,53.84,NAMITA MAHATO,17525,7.97
Bally,KAILASH KUMAR MISHRA,45642,38.73,SANJAY KUMAR SINGH,57639,48.91,SANKAR MAITRA,14093,11.96
Ballygunge,SOBHANDEB CHATTOPADHYAY,108481,64.81,SHATORUPA,47005,28.08,AFREEN BEGUM,11267,6.74
Balurghat,ARPITA GHOSH,48121,30.4,BIDYUT KUMAR ROY,95697,60.45,ARNAB CHOWDHURY,13359,8.44
Bandwan,RAJIB LOCHAN SAREN,104503,39.26,LABSEN BASKEY,134080,50.37,RATHU SINGH,26441,9.92
Bangaon Dakshin,RITUPARNA ADDHYA,81585,38.45,SWAPAN MAJUMDER,119399,56.27,ASISH KUMAR SARKAR,9979,4.7
Bangaon Uttar,BISWAJIT DAS,78647,37.21,ASHOK KIRTANIA,119317,56.46,PIJUSH KANTI SAHA,12614,5.97
Bankura,DR. ANUP MANDAL,82815,34.6,NILADRI SEKHAR DANA,136992,57.24,AVOYANANDA MUKHOPADHYAY,19074,7.96
Barabani,BIDHAN UPADHYAY,80055,43.21,ARIJIT ROY,91777,49.54,BISWAJIT BAURI (BAPI),13442,7.24
Baranagar,SAYANTIKA BANERJEE,64774,38.25,SAJAL GHOSH,81730,48.26,SAYANDEEP MITRA,22007,12.99
Barasat,SABYASACHI DUTTA,87613,37.03,SANKAR CHATTERJEE,122171,51.64,HEMANTA DAS,25456,10.75
Burdwan Dakshin,KHOKAN DAS,77284,37.73,MOUMITA BISWAS MISRA,107754,52.61,SUDIPTA GUPTA,19176,9.35
Burdwan Uttar,NISITH KUMAR MALIK,112688,45.45,SANJOY DAS,106228,42.85,MAMONI MONDAL (ROY),27666,11.15
Barjora,GOUTAM MISHRA (SHYAM),84109,35.74,BILLESWAR SINHA,125419,53.29,SUJIT CHAKRABORTY,22735,9.66
Barrackpur,RAJ CHAKRABORTY (RAJU),62644,40.44,KAUSTUV BAGCHI,78466,50.65,SUMAN RANJAN BANDYOPADHYAY,13445,8.68
Baruipur Paschim,BIMAN BANERJEE,104781,47.41,BISWAJIT PAUL,86919,39.32,MD LAHEK ALI,28584,12.93
Baruipur Purba,BIVAS SARDAR,120987,50.98,TUMPA SARDAR,89172,37.57,SWAPAN NASKAR,25739,10.85
Basanti,NILIMA MISTRY BISHAL,127495,54.99,BIKASH SARDAR,71314,30.76,ASIT ROY,32446,13.99
Basirhat Dakshin,SURAJIT MITRA (BADAL),112965,45.09,DR. SOURYA BANERJEE,103421,41.28,AYNUL AREFIN(RAJU AHMED),32491,12.97
Basirhat Uttar,MD. TAUSEFFUR RAHMAN,115503,48.42,KOUSHIK SIDHARTHA,55211,23.14,MD. MUSA KAREMULLA,65182,27.33
Behala Paschim,RATNA CHATTERJEE,88472,37.05,DR. INDRANIL KHAN,113171,47.39,NIHAR BHAKTA,35549,14.88
Behala Purba,SUBHASISH CHAKRABORTY,90365,38.5,SANKAR SIKDER,115502,49.22,DR NILAY MAJUMDAR,27492,11.71
Beldanga,RABIUL ALAM CHOWDHURY,59664,26.1,BHARAT KUMAR JHAWAR,72872,31.88,SHOAIB AHMED,96055,42.02
Beleghata,KUNAL KUMAR GHOSH,93757,53.85,PARTHA CHAUDHURY,65181,37.44,PARAMITA ROY,14335,8.24
Bhabanipur,MAMATA BANERJEE,58812,42.19,ADHIKARI SUVENDU,73917,53.02,SHRIJEEB BISWAS,6240,4.47
Bhagabanpur,MANAB KUMAR PARUA,109708,44.3,SANTANU PRAMANIK,130586,52.73,PRATIVA RANI KAR SHASMAL,7359,2.96
Bhagabangola,REYAT HOSSAIN SARKAR,105997,48.57,BHASKAR SARKAR,23104,10.59,MAHAMUDAL HASAN,88598,40.6
Bhangar,SAOKAT MOLLA,94467,35.33,JAYANTA GAYEN,30177,11.29,MD NAWSAD SIDDIQUE,136103,50.9
Bharatpur,MUSTAFIJUR RAHAMAN (SUMAN),90870,42.38,ANAMIKA GHOSH,60117,28.04,AZHERUDDIN MD (SIZAR),61236,28.56
Bhatar,KONER SHANTANU,92292,42.99,KARFA SOUMEN,98820,46.03,HASINA KHATUN,21934,10.22
Bhatpara,AMIT GUPTA,38876,36.57,PAWAN KUMAR SINGH,61683,58.02,ASH NARAYAN SINGH,5434,5.1
Bidhannagar,SUJIT BOSE,60649,34.17,SHARADWAT MUKHERJEE,97979,55.2,SOUMYAJIT RAHA,18081,10.18
Bijpur,SUBODH ADHIKARY,58456,40.35,SUDIPTA DAS,71799,49.56,DEBASISH RAKSHIT,13248,9.15
Binpur,BIRBAHA HANSDA,84261,40.49,DR. PRANAT TUDU,107238,51.54,RABINDRANATH SARDAR,14317,6.89
Bishnupur (South 24 Parganas),DILIP MONDAL,132647,52.93,ABHIJIT SARDAR,95722,38.2,SHYAMAL DAL,21070,8.41
Bishnupur (Bankura),TANMAY GHOSH (BUMBA),80477,38.79,SHUKLA CHATTERJEE,111082,53.54,TITAS GUPTA,15919,7.68
Bolpur,CHANDRANATH SINHA,114915,46.65,DILIP GHOSH,101727,41.3,BAPI SOREN,28761,11.68
Budge Budge,ASHOK KUMAR DEB,127091,58.27,DR TARUN KUMAR ADAK,80241,36.79,MUJIBAR RAHMAN KAYAL,10453,4.79
Burwan,PROTIMA RAJAK,69361,36.72,SUKHEN KUMAR BAGDI,91661,48.52,SANJIT DAS,26366,13.95
Canning Paschim,PARESH RAM DAS,120548,52.26,Prasanta Bayen,79883,34.63,PRABIR MONDAL,29477,12.78
Canning Purba,MD BAHARUL ISLAM,148687,61.53,ASHIM SANPUI,28593,11.83,ARABUL ISLAM,63885,26.44
Chakdaha,SUBHANKAR SINGHA (JISHU),78488,37.25,BANKIM CHANDRA GHOSH,115433,54.78,NARAYAN DAS GUPTA,15822,7.51
Chakulia,AZAD MINHAJUL ARFIN,90277,45.34,MANOJ KUMAR JAIN,62266,31.27,ALI IMRAN RAMZ,45087,22.64
Champdani,ARINDAM GUIN (BUBAI),90678,44.36,DILIP SINGH,93704,45.84,CHANDRANATH BANERJEE,19367,9.48
Chanchal,PRASUN BANERJEE,128014,54.61,RATAN DAS,64140,27.36,ASIF MEHBUB,40275,17.17
Chandannagar,Indranil Sen,72832,38.97,Deepanjan Kumar Guha,86273,46.16,Monish Panda,27179,14.53
Chandipur,UTTAM BARIK,105777,43.72,PIJUSH KANTI DAS,126047,52.09,RITA DAS,10133,4.2
Chanditala,SWATI KHANDOKER,107143,47.1,DEBASISH MUKHERJEE,87480,38.46,ASIF ALI,31571,13.88
Chandrakona,DOLOI SURJYA KANTA,107036,40.44,SUKANTA DOLUI,140517,53.09,SUPARNA DOLAI MALLICK,17137,6.47
Chapra,JEBER SEKH,97085,46.06,SAIKAT SARKAR,66305,31.46,JAKIR  HOSSAIN MONDAL,46733,22.18
Chhatna,SWAPAN KUMAR MONDAL,78798,35.5,SATYANARAYAN MUKHOPADHYAY,125972,56.76,RAJIB LOCHAN KAR,17187,7.73
Chopra,HAMIDUL RAHAMAN,120986,57.3,SANKAR ADHIKARI,51862,24.56,ZAKIR ABEDIN,37714,17.86
Chowranghee,BANDYOPADHYAY NAYNA,62938,57.15,SANTOSH KUMAR PATHAK,40936,37.17,SANJAY BASU,5958,5.41
Chunchura,DEBANGSHU BHATTACHARYA,94269,36.94,SUBIR NAG,137704,53.96,SUNIL KUMAR SAHA,22471,8.81
Cooch Behar Dakshin,AVIJIT DE BHOWMIK,85198,41.48,RATHINDRA BOSE,108482,52.81,NAZMUL ALOM SARKAR,10070,4.9
Cooch Behar Uttar,PARTHA PRATIM RAY,84943,33.42,SUKUMAR RAY,155327,61.11,PRANAY KARJEE,11495,4.52
Dabgram-Phulbari,RANJAN SIL SHARMA,68585,27.23,SIKHA CHATTERJEE,166300,66.02,DILIP SINGH,14109,5.61
Dantan,MANIK MAITI,99883,45.74,AJIT KUMAR JANA,110259,50.49,SHYAMAL KANTI DASPATTANAYEK,8232,3.77
Darjeeling,BIJOY KUMAR RAI,56019,32.23,NOMAN RAI,62076,35.72,AJOY LUCAS EDWARDS,53775,30.93
Daspur,ASHIS HUDAIT,100937,40.05,TAPAN KUMAR DUTTA,133071,52.8,RANAJIT PAL,17641,7.0
Debra,RAJIB BANERJEE,85662,39.42,SUBHASHIS OM,114463,52.67,SUMIT ADHIKARI,17198,7.92
Deganga,ANISUR RAHAMAN BIDESH,101114,43.31,TARUN KANTI GHOSH,41726,17.87,MD MOFIDUL HOQUE SAHAJI MINTU,88789,38.03
Dhanekhali,ASIMA PATRA,123462,49.85,BARNALI DAS,110405,44.57,RUMA AHIRI,12282,4.96
Dhupguri,NIRMAL CHANDRA ROY,96248,38.73,NARESH ROY,134798,54.25,NIRANJAN ROY,13441,5.41
Diamond Harbour,PANNA LAL HALDER,119320,51.38,DIPAK KUMAR HALDER,88054,37.92,SAMAR NAIYA,23615,10.17
Dinhata,UDAYAN GUHA,120808,45.09,AJAY RAY,138255,51.6,BIKAS MANDAL,8062,3.02
Domjur,TAPAS MAITY,134036,52.73,GOBINDA HAZRA,91859,36.14,DULU DAS,26089,10.26
Domkal,HUMAYUN KABIR,91586,35.53,NANDADULAL PAL,13180,5.11,MD. MOSTAFIJUR RAHAMAN,150720,58.46
Dubrajpur,NARESH CHANDRA BAURI,89790,40.78,ANUP KUMAR SAHA,117437,53.33,BIJOY BAGDI,12966,5.89
Dum Dum,BRATYABRATA BASU,73908,37.31,ARIJIT BAKSHI,99181,50.07,MAYUKH BISWAS,24782,12.52
Dum Dum Uttar,CHANDRIMA BHATTACHARYA,76880,34.42,SOURAV SIKDAR,103284,46.24,DIPSITA DHAR,43185,19.34
Durgapur Paschim,KABI DUTTA,77131,35.58,LAKSHMAN CHANDRA GHORUI,114729,52.93,PRAVASH SAIN,22623,10.42
Durgapur Purba,PRADIP MAZUMDAR,77954,36.29,CHANDRA SEKHAR BANERJEE,108888,50.69,SIMANTA CHATTERJEE,27397,12.75
Egra,TARUN KUMAR MAITY,116978,43.43,ADHIKARI DIBYENDU,142670,52.96,SUBRATA PANDA,9725,3.61
English Bazar,ASIS KUNDU (PATA),60312,25.71,AMLAN BHADURI (BURO),154096,65.7,AMBAR MITRA,18409,7.85
Entally,SANDIPAN SAHA,94427,57.16,DR. PRIYANKA TIBREWAL,60421,36.57,ABDUL RAUF,9056,5.48
Falakata,SUBHASH CHANDRA ROY,88371,37.45,DIPAK BARMAN,134370,56.95,KAMAL KISHOR ROY,12618,5.35
Falta,,0,0.0,,0,0.0,,0,0.0
Farakka,AMIRUL ISLAM,47256,27.03,SUNIL CHOWDHURI,54857,31.38,MOTAB SHAIKH,71203,40.73
Gaighata,NAROTTAM BISWAS,73639,35.2,SUBRATA THAKUR,121322,57.99,SAJAL BISWAS,13301,6.35
Galsi,ALOK KUMAR MAJHI,100146,43.1,RAJU PATRA,110640,47.62,MANIMALA DAS,21165,9.11
Gangarampur,Goutam Das,76744,39.8,SATYENDRA NATH ROY,105083,54.5,BIPLAB BARMAN,10709,5.56
Garbeta,UTTARA SINGHA (HAZRA),87527,39.42,PRADIP LODHA,113752,51.23,GHOSH TAPAN KUMAR,20107,9.06
Gazole,PRASENJIT DAS,93349,38.28,CHINMOY DEB BARMAN,131541,53.94,KSHITISH CHANDRA SARKAR,16991,6.96
Ghatal,SHYAMALI SARDAR,93893,38.79,SITAL KAPAT,131550,54.35,SANTI NATH SATICK,15354,6.34
Goalpokhar,MD GHULAM RABBANI,122105,66.66,SARAJIT BISWAS,38315,20.92,MD. GHULAM SARWAR,22308,12.18
Goghat,DR. NIRMAL MAJI,84916,36.24,PRASANTA DIGAR,134498,57.4,MUKTARAM DHAWREY,14907,6.36
Gopiballavpur,AJIT MAHATA,88008,41.24,RAJESH MAHATA,114683,53.75,BIKASH SHARANGI,8826,4.14
Gosaba,SUBRATA MONDAL,92392,43.72,BIKARNA NASKAR,108492,51.34,ADWAITYA JOTDAR,9465,4.48
Habibpur,AMAL KISKU,63874,28.06,JOYEL MURMU,142062,62.41,BASUDEV MURMU,19197,8.42
Habra,JYOTI PRIYA MALLICK,73183,36.82,DEBDAS MONDAL,104645,52.66,RIJINANDAN BISWAS,19433,9.79
Haldia,TAPASI MONDAL,83121,34.71,PRADIP KUMAR BIJALI,132183,55.2,ASOKE KUMAR PATRA,23685,9.9
Hansan,FAYEZUL HAQUE (KAJAL SK),103223,45.56,NIKHIL BANERJEE,74925,33.07,KAMAL HASAN,47165,20.82
Hariharpara,NIAMOT SHEIKH,80338,34.14,TANMOY BISWAS,32057,13.62,BIJOY SEKH,120413,51.17
Haringhata,DR. RAJIB BISWAS.,85845,40.35,ASIM KUMAR SARKAR,107900,50.72,SWAPAN KUMAR SARKAR,17953,8.44
Haripal,KARABI MANNA,109844,44.65,MADHUMITA GHOSH,113332,46.07,SK.MUJAFFAR ALI  (MAJA),19270,7.84
Harirampur,BIPLAB MITRA,93098,45.62,DEBABRATA MAJUMDER,91112,44.65,SUBHASISH PAL (SONA),18375,9.0
Harishchandrapur,MD. MATIBUR RAHAMAN,113104,49.8,RATAN DAS,64833,28.55,MOSTAQUE ALAM,47978,21.13
Haroa,ABDUL MATIN MUHAMMAD,117591,49.52,BHASKAR KUMAR MONDAL,41144,17.33,PIYARUL ISLAM,75878,31.95
Hemtabad,SATYAJIT BARMAN,103168,43.1,HARIPADA BARMAN,115529,48.26,ANAMIKA ROY,18217,7.64
Hingalganj,ANANDA SARKAR,94786,45.77,REKHA PATRA,100207,48.39,SANGITA MANDAL,10680,5.16
Howrah Dakshin,NANDITA CHOWDHURY,100540,45.28,SHYAMAL KUMAR HATI,92712,41.75,ABHIJIT BANERJEE,27024,12.17
Howrah Madhya,ARUP ROY,95948,49.6,BIPLAB KUMAR MANDAL,79865,41.28,IMTEAZ AHMED,16619,8.58
Howrah Uttar,GAUTAM CHOWDHURY,56289,42.3,UMESH RAI,67539,50.76,GAUTAM RAY,8511,6.4
Indas,SHYAMALI ROY BAGDI,107833,46.4,NIRMAL KUMAR DHARA,108733,46.79,JHARNA MALLIK,12289,5.29
Islampur,AGARWAL KANAIA LAL,108117,58.14,CHITRAJIT ROY,68054,36.6,MD. SAMI KHAN,8972,4.84
Itahar,MOSARAF HUSSEN,98172,48.09,SABITA BARMAN,70294,34.43,AMAL ACHARJEE,33385,16.35
Jadavpur,DEBABRATA MAJUMDAR (MALAY),78483,33.96,SARBORI MUKHERJEE,106199,45.96,BIKASHRANJAN BHATTACHARYA,45361,19.63
Jagatballavpur,SUBIR CHATTERJEE (TINKAI),108937,43.14,ANUPAM GHOSH,115608,45.78,NAZIRA KHATUN,26903,10.66
Jagatdal,SOMENATH SHYAM ICHINI,73442,40.09,DR. RAJESH KUMAR,94351,51.5,PARVEZ AHMAD KHAN,13595,7.43
Jalangi,BABAR ALI,88684,35.01,NABA KUMAR SARKAR,51693,20.41,IANUS ALI SARKAR,112929,44.58
Jalpaiguri,KRISHNA DAS,74182,31.19,ANANTA DEB ADHIKARY,142987,60.11,DEBRAJ BARMAN,19238,8.09
Jamalpur,BHUTNATH MALIK,88758,41.33,ARUN HALDER,99936,46.53,SAMAR HAZRA,25386,11.82
Jamuria,HARERAM SINGH,67636,37.25,DR. BIJAN MUKHERJEE,90150,49.64,MD. SABBIR HUSSAIN,21783,12.0
Jangipara,SNEHASIS CHAKRABORTY,101547,43.72,PROSENJIT BAG,102409,44.09,SUDIPTA SARKAR,26751,11.53
Jangipur,JAKIR HOSSAIN,80659,37.94,CHITTA MUKHERJEE,91201,42.9,MOHAMMAD IMRAN ALI,40746,19.16
Jaynagar,BISWANATH DAS,108194,49.38,ALOKE HALDER,81844,37.35,APURBA PRAMANIK (APU),26998,12.32
Jhargram,MONGAL SAREN,82730,37.44,LAKSHMI KANTA SAU,120877,54.71,ARJUN KUMAR MAHATA,13893,6.28
Jorasanko,VIJAY UPADHYAY,47071,44.05,VIJAY OJHA,52868,49.48,BHARATRAM TEWARI,6427,6.01
Joypur (Purulia),ARJUN MAHATO,82450,35.36,BISWAJIT MAHATO,104668,44.88,PHANIBHUSHAN KUMAR,44479,19.07
Kakdwip,MANTURAM PAKHIRA,104613,45.23,DIPANKAR JANA,109373,47.29,NARAYAN DAS,16861,7.28
Kalchini,BIRENDRA BARA (ORAON),76916,37.96,BISHAL LAMA,114759,56.64,ANJAN CHIK BARAIK,9840,4.87
Kaliaganj,NITAI BAISHYA,81924,31.73,UTPAL BRAHMACHARO,158349,61.32,HIRU ROY SARKAR,15827,6.13
Kaliganj,ALIFA AHMED,89292,40.77,BAPAN GHOSH,79120,36.12,SABINA IYASMIN SEKH,50050,22.85
Kalimpong,RUDEN SADA LEPCHA,62826,37.07,BHARAT KUMAR CHETRI,84290,49.74,BHERNONE BRITTO LEPCHA,20972,12.39
Kalna,DEBO PRASAD BAG (POLTU),82160,38.53,SIDDHARTHA MAJUMDAR,110790,51.96,SHARMISTHA NAG SAHA,19807,9.28
Kalyani,DR. ATINDRA NATH MONDAL,79677,36.97,ANUPAM BISWAS,114469,53.12,SABUJ DAS,20242,9.39
Kamarhati,MADAN MITRA,64817,43.71,ARUP CHOUDHURY (PULAK),59171,39.91,MANASH MUKHERJEE,23486,15.84
Kandi,APURBA SARKAR (DAVID),63020,31.6,GARGI DAS GHOSH,73355,36.78,SHAMIM RANA,61086,30.63
Kanthi Dakshin,TARUN KUMAR JANA,86747,40.76,ARUP KUMAR DAS,118219,55.54,TEHERAN HOSSAIN,7487,3.52
Kanthi Uttar,DEBASIS BHUNYA,110033,44.12,SUMITA SINHA,130088,52.16,SUTANU MAITY,8676,3.48
Karandighi,GOUTAM PAUL,76391,34.73,BIRAJ BISWAS,96260,43.76,MD. SAHABUDDIN,44621,20.29
Karimpur,SOHAM CHAKRABORTY,95049,39.45,SAMARENDRANATH GHOSH,105234,43.68,PRABHAS MAJUMDAR,40138,16.67
Kasba,AHMED JAVED KHAN,117893,48.88,BANERJEE SANDIP,96919,40.18,DIPU DAS,25030,10.38
Kashipur,SOUMEN BELTHARIA,85295,40.24,KAMALA KANTA HANSDA,106571,50.28,BAURI SULEKHA,18543,8.75
Kashipur Belgachhia,ATIN GHOSH,66717,44.32,RITESH TIWARI,68368,45.41,RAJENDRA GUPTA,14859,9.87
Katulpur,HARAKALI PROTIHER,91874,38.24,LAKSHMI KANTA MAJUMDAR,126241,52.55,RAMCHANDRA ROY,21265,8.84
Katwa,RABINDRANATH CHATTERJEE,86954,36.3,KRISHNA GHOSH,122020,50.94,SANJIB KUMAR DAS,29798,12.45
Keshiary,RAMJIBAN MANDI,97826,43.7,BHADRA HEMRAM,113713,50.8,MALINA MURMU,11912,5.32
Keshpur,SEULI SAHA,143123,56.36,SUVENDU SAMANTA,93018,36.63,GURUPADA MONDAL,17213,6.77
Ketugram,SEKH SAHONAWEZ,83494,38.09,ANADI GHOSH,111104,50.69,JAKIR GAINE,23245,10.6
Khanakul,PALASH KUMAR ROY,92246,38.9,SUSANTA GHOSH,126729,53.44,SK SADDAM HOSSAIN,17188,7.24
Khandaghosh,NABIN CHANDRA BAG,104183,46.67,GOUTAM DHARA,95899,42.96,RAMJIBAN RAY,22627,10.14
Kharagpur,DINEN ROY,98320,47.14,TAPAN BHUYA,95448,45.77,SK SAJAHAN ALI,13442,6.44
Kharagpur Sadar,PRADIP SARKAR,59379,36.73,DILIP GHOSH,89885,55.6,MADHUSUDAN ROY,12119,7.5
Khardaha,DEVADEEP PUROHIT,73266,37.28,KALYAN CHAKRABORTI,97752,49.75,DEBAJYOTI DAS (SUBHO),24591,12.52
Khargram,ASHIS MARJIT,68415,33.46,MITALI MAL,77748,38.02,DHRUBAJOTI SAHA,57072,27.91
Khejuri,RABIN CHANDRA MANDAL,97185,41.12,SUBRATA PAIK,129875,54.96,HIMANGSHU DAS,8302,3.51
Kolkata Port,FIRHAD HAKIM,101226,65.43,RAKESH SINGH,45146,29.18,FAIYAZ AHMAD KHAN,7288,4.72
Krishnaganj,SAMIR KUMAR PODDAR,78939,33.96,SUKANTA BISWAS,139838,60.15,ARCHANA BISWAS,11740,5.05
Krishnanagar Dakshin,UJJAL BISWAS,75061,38.09,SADHAN GHOSH,102862,52.19,LABANI JANGI,16281,8.26
Krishnanagar Uttar,SOMNATH DUTTA,54850,27.15,TARAK NATH CHATTERJEE,133211,65.93,ADWAITA BISWAS,13996,6.93
Kulpi,BARNALI DHARA,91266,43.94,ABANI NASKAR,80883,38.94,ABDUL MALEQUE MOLLA,35202,16.95
Kultali,GANESH CHANDRA MONDAL,146435,57.75,MADHABI MAHALDER,87159,34.38,RAMSANKAR HALDER,19552,7.71
Kulti,ABHIJIT GHATAK,77072,40.51,AJAY KUMAR PODDAR,103570,54.44,BHABANI CHARAN ACHARYA,9597,5.04
Kumarganj,TORAF HOSSAIN MANDAL,82791,47.62,SUBHENDU SARKAR,76106,43.77,MOFAZZAL HOSSAIN,14521,8.36
Kumargram,RAJEEV TIRKEY,90167,36.53,MANOJ KUMAR ORAON,143044,57.95,KISHOR MINJ,12072,4.9
Kurseong,AMAR LAMA,57871,31.83,SONAM LAMA,74878,41.18,BANDANA RAI,46197,25.41
Kushmandi,REKHA ROY,88374,44.29,TAPAS CHANDRA ROY,97437,48.83,JYOTIRMOY ROY,12257,6.14
Labhpur,ABHIJIT SINHA (RANA),102852,46.12,DEBASIS OJHA (HAKU DA),106402,47.71,MANASA HANSDA,13345,5.99
Lalgola,ABDUL AZIZ DOCTOR,67954,37.72,AMAR KUMAR DAS,35496,19.7,TOUHIDUR RAHAMAN SUMAN,75778,42.05
Madarihat,JAYPRAKASH TOPPO,61578,34.84,LAXUMAN LIMBU,102488,57.98,SUBHASH LOHAR,12687,7.17
Madhyamgram,RATHIN GHOSH,95995,41.21,ANINDYA BANERJEE,93596,40.18,PRIYANKA BARMAN,42974,18.44
Magrahat Paschim,MD. SAMIM AHAMED MOLLA,113834,55.43,GOURSUNDAR GHOSH,55331,26.94,ABDUL AZIZ AL HASSAN,33851,16.47
Magrahat Purba,SARMISTHA PURKAIT,108412,48.8,UTTAM KUMAR BANIK,76805,34.57,CHANDAN SAHA,36621,16.49
Maheshtala,SUBHASIS DAS,116811,50.83,TAMANATH BHOWMICK,83898,36.51,SAYAN BANERJEE,28253,12.28
Mahisadal,TILAK KUMAR CHAKRABORTY,95346,40.03,SUBHAS CHANDRA PANJA,121584,51.05,PARITOSH PATTANAYAK,20845,8.74
Mal,BULU CHIK BARAIK,96603,43.04,SUKRA MUNDA,112095,49.94,MANU ORAON,14337,6.39
Malatipur,ABDUR RAHIM BOXI,104123,51.54,ASHIS DAS,43346,21.45,MAUSAM B NOOR,54302,26.87
Maldaha,LIPIKA BARMAN GHOSH,73528,33.3,GOPAL CHANDRA SAHA,123656,56.0,BHUPENDRA NATH HALDER (ARJUN),21031,9.54
Manbazar,SANDHYA RANI TUDU,93204,39.42,MAYNA MURMU,120487,50.95,SHANTIMANI MURMU,22776,9.63
Mandirbazar,JOYDEB HALDER S/O - KARTICK CHANDRA HALDER,93686,43.94,MALLIKA PAIK W/O - ASHOK PAIK,91691,43.0,ASHOKE KUMAR GAYEN,26895,12.62
Mangalkot,APURBA CHOWDHURY (ACHAL),91297,41.64,SHISHIR GHOSH,104020,47.44,MIRAJ ALAM SEKH,23930,10.91
Manikchak,KABITA MANDAL,96180,42.68,GOUR CHANDRA MANDAL,110118,48.86,ANSARUL HAQUE (KALU),18446,8.18
Maniktola,SHRREYA PANDE,60726,40.29,TAPAS ROY,76370,50.67,MOUSUMI GHOSH,12891,8.55
Mathabhanga,DR. SABLU BARMAN,86250,35.66,NISHITH PRAMANIK,143340,59.27,KHAGEN CHANDRA BARMAN,9610,3.97
Matigara-Naxalbari,SHANKAR MALAKAR,62640,24.96,ANANDAMAY BARMAN,166905,66.5,JHAREN ROY,18436,7.34
Maynaguri,RAMMOHAN RAY,90900,36.15,DALIM CHANDRA ROY,147403,58.62,SUDEB RAY,10592,4.22
Mayureswar,ABHIJIT ROY,86054,40.31,DUDH KUMAR MONDAL,107056,50.15,JAYANTA BHALLA,19156,8.96
Medinipur,SUJOY HAZRA,94294,38.63,SANKAR KUMAR GUCHHAIT,133041,54.51,MANIKUNTAL KHAMRAI,15936,6.53
Mekliganj,ADHIKARY PARESH CHANDRA,89525,40.91,DADHIRAM RAY,119109,54.42,KAMAL KUMAR ROY,8171,3.74
Memari,RASH BIHARI  HALDER,99322,43.66,MANAB GUHA,106428,46.78,KRISHANU BHADRA,21742,9.55
Metiaburuz,ABDUL KHALEQUE MOLLA,124230,68.99,BIR BAHADUR SINGH,36351,20.19,MONIRUL ISLAM,18930,10.51
Minakhan,USHA RANI MONDAL,92079,42.66,RUDRENDRA PATRA,59787,27.7,PRATIK MONDAL,60927,28.22
Manteswar,CHOWDHURI SIDDIQULLAH,81761,40.05,SAIKAT PANJA,96559,47.29,ANUPAM GHOSH,25463,12.48
Mothabari,ISLAM MD NAJRUL,65705,40.51,NIBARAN GHOSH,55209,34.04,SAYEM CHOWDHURY (BABU),40541,25.0
Moyna,CHANDAN MONDAL,110925,45.03,ASHOKE DINDA,127166,51.62,SWAPAN KUMAR BARMAN,7912,3.21
Murarai,DR. MOSARRAF HOSSAIN,96902,39.89,RINKI GHOSH,58664,24.15,SANJIBUR RAHAMAN (BAPPA),85849,35.33
Murshidabad,SHAONI SINGHA ROY,82922,34.91,GOURI SANKAR GHOSH,114443,48.18,ALI SIDDIQUE,39721,16.74
Nabadwip,PUNDARIKAKSHYA SAHA,87187,39.96,SRUTISEKHAR GOSWAMI,108631,49.79,SWARNENDU SINHA,20617,9.46
Nabagram,PRONAB CHANDRA DAS,72820,32.86,DILIP SAHA,78739,35.54,HIRU HALDAR,70021,31.6
Nagrakata,SANJAY KUJUR,77620,38.06,PUNA BHENGRA,103478,50.73,DIL KUMAR ORAON,22865,11.21
Naihati,SANAT DEY,67054,42.53,SUMITRO CHATTERJEE,77484,49.15,DEBAJYOTI MAJUMDER,12338,7.82
Nakashipara,KALLOL KHAN,83273,40.44,SANTANU DEY,100600,48.85,SUKLA SAHA,21774,10.57
Nalhati,RAJENDRA PRASAD SINGH(RAJU SINGH),87744,39.43,ANIL KUMAR SINGH,74298,33.39,DR ABDUL KARIM,60477,27.19
Nandakumar,SUKUMAR DE,100873,40.46,KHANRA NIRMAL,131476,52.73,CHANDAN MAITI,16377,6.58
Nandigram,PABITRA KAR,117636,46.55,ADHIKARI SUVENDU,127301,50.37,SANTI GOPAL GIRI,7493,2.96
Nanoor,BIDHAN CHANDRA MAJHI,119910,47.37,KHOKAN DAS,111788,44.16,SHYAMALI PRADHAN,21421,8.46
Narayangarh,PRATIBHA MAITI,95683,42.42,GIRI RAMAPRASAD,116050,51.45,TAPAS SINHA,13216,5.86
Natabari,SAILENDRA NATH BARMA,92298,39.66,GIRIJA SHANKAR RAY,126911,54.53,AKIK HASSAN,12456,5.36
Nayagram,DULAL MURMU,94433,45.46,AMIYA KISKU,100857,48.56,DR. PULIN BIHARI BASKE,10940,5.26
Noapara,TRINANKUR BHATTACHARJEE,76759,39.33,ARJUN SINGH,94415,48.37,GARGI CHATTERJEE,22567,11.56
Naoda,SAHINA MOMTAZ KHAN,51867,23.41,RANA MANDAL,58520,26.41,HUMAYUN KABIR,109721,49.51
Onda,SUBRATA DUTTA (GOPI),96573,39.21,AMARNATH SHAKHA,128296,52.09,ASIT BARAN SARMA,20557,8.35
Palashipara,RUKBANUR RAHMAN,89241,41.58,ANIMA DUTTA,77787,36.24,MD SAMSUR ALI MALLICK,47622,22.19
Panchla,GULSAN MULLICK,123967,52.72,RANJAN PAUL,85647,36.42,FARID MOLLAH,25081,10.66
Pandaveswar,NARENDRANATH CHAKRABORTY,79103,45.28,JITENDRA KUMAR TEWARI,80501,46.08,PRABIR KUMAR MONDAL,13119,7.52
Pandua,SAMIR CHAKRABORTY,96121,41.13,TUSAR KUMAR MAJUMDAR,101349,43.36,AMJAD HOSSAIN SK,35530,15.2
Panihati,TIRTHANKAR GHOSH,59141,33.8,RATNA DEBNATH,87977,50.28,KALATAN DASGUPTA,27247,15.57
Panskura Paschim,SIRAJ KHAN,105352,40.77,SINTU SENAPATI,137919,53.37,ABJAL ALI SHA,14118,5.46
Panskura Purba,ASHIM KUMAR MAJI,91361,41.39,SUBRATA MAITY(RANA),109264,49.5,SK IBRAHIM ALI,20112,9.1
Para,MANIK CHANDRA BAURI,79767,36.94,NADIAR CHAND BOURI,113488,52.55,ALOKE KUMAR BAURI,20479,9.48
Patashpur,PIJUS KANTI PANDA,107538,46.34,TAPAN MAITY,116589,50.24,SAIKAT GIRI,7921,3.42
Patharpratima,SAMIR KUMAR JANA,117164,47.62,ASIT KUMAR HALDAR,112291,45.64,SATYARANJAN DAS,16604,6.74
Phansidewa,REENA TOPNO EKKA,72978,35.13,DURGA MURMU,118241,56.92,NAVANEETA TIRKEY,14744,7.1
Pingla,AJIT MAITY,105709,43.55,SWAGATA MANNA,124189,51.16,ASHOK SEN,11757,4.85
Purbasthali Dakshin,SWAPAN DEBNATH,94342,42.87,PRAN KRISHNA TAPADAR,111004,50.44,JIYADUL SEKH,14710,6.69
Purbasthali Uttar,VASUNDHARA GOSWAMI,81153,36.09,GOPAL CHATTOPADHYAY,111379,49.53,PRADIP KUMAR SAHA,30905,13.74
Pursurah,PARTHA HAZARI,85368,35.43,BIMAN GHOSH,138821,57.62,SANDIP KUMAR SAMANTA,15785,6.55
Purulia,SUJOY BANERJEE,79201,34.34,SUDIP KUMAR MUKHERJEE,128454,55.69,SAYANTAN GHOSH,22412,9.71
Raghunathganj,AKHRUZZAMAN,88909,45.65,SUROJIT PODDAR,35184,18.06,NASIR SAIKH,70672,36.29
Raghunathpur (Purulia),HAZARI BOURI,83569,35.65,MAMONI BAURI,127628,54.44,GANESH BOURI,22048,9.41
Raidighi,TAPAS MONDAL S/O-SHIBPRASAD MONDAL,118991,46.16,PALASH RANA,113034,43.85,SAMYA GANGULY,24038,9.32
Raiganj,KRISHNA KALYANI,46920,28.47,KOUSHIK CHOWDHURY,105561,64.05,MOHIT SENGUPTA,11703,7.09
Raina,MANDIRA DALUI,102653,44.01,SUBHASH PATRA,103487,44.37,SOMNATH MAJI,25055,10.74
Raipur (Bankura),THAKURMANI SAREN,82701,39.34,KSHETRAMOHAN HANSDA,111443,53.01,RAMCHANDRA MANDI,16071,7.64
Rajarhat Gopalpur,ADITI MUNSHI,73520,37.56,TARUNJYOTI TEWARI,101277,51.74,SUBHAJIT DASGUPTA,20452,10.44
Rajarhat New Town,TAPASH CHATTERJEE,106255,42.07,PIYUSH KANODIA,106564,42.19,SAPTARSHI DEB,38135,15.1
Rajganj,SWAPNA BARMAN,93180,41.53,DINESH SARKAR,114657,51.1,KHARENDRA NATH ROY,13648,6.09
Ramnagar (Purba Medinipur),AKHIL GIRI,104869,42.83,DR. CHANDRA SEKHAR MONDAL,131808,53.83,ASOKE KUMAR MAITI,7778,3.18
Rampurhat,ASISH BANERJEE,87687,37.52,DHRUBA SAHA,111920,47.89,SANJIB MALLICK,31775,13.59
Ranaghat Dakshin,SOUGATA KUMAR BURMAN,75546,32.47,ASHIM KUMAR BISWAS,140010,60.17,ARINDAM BISWAS,16656,7.16
Ranaghat Uttar Paschim,TAPAS KUMAR GHOSH,71495,32.93,PARTHA SARATHI CHATTERJEE(BABU),129046,59.43,DEBASISH  CHAKRABORTY(DEBU),15416,7.1
Ranaghat Uttar Purba,BARNALI DEY ROY,74492,35.24,ASHIM BISWAS,126235,59.71,MRINAL BISWAS (MINI),9747,4.61
Ranibandh,TANUSHREE HANSDA,78876,33.31,KSHUDIRAM TUDU,131145,55.38,DEBLINA HEMBRAM,23243,9.81
Raniganj,KALOBARAN MONDAL,79630,40.53,PARTHA GHOSH,97416,49.58,NARAN BAURI,18789,9.56
Raninagar,ABDUL SOUMIK HOSSAIN,76722,32.34,RANAPRATAP SINGHA ROY,22728,9.58,JULFIKAR ALI,134675,56.76
Rashbehari,DEBASISH KUMAR (DEBA),53258,38.37,DASGUPTA SWAPAN,74123,53.4,MANAS GHOSH,10699,7.71
Ratua,SAMAR MUKHERJEE,106834,45.82,ABISHEK SINGHANIA,74272,31.86,ALAM MOTTAKIN,49334,21.16
Rejinagar,ATAUR RAHAMAN,41718,17.43,BAPAN GHOSH,64660,27.02,HUMAYUN KABIR,132917,55.53
Sabang,MANAS RANJAN BHUNIA,116647,45.33,AMAL KUMAR PANDA,127783,49.66,NAKUL CHANDRA BERA,12692,4.92
Sagar,BANKIM CHANDRA HAZRA,119921,46.46,SUMANTA MANDAL,127802,49.52,SWAPAN SINGHA,10384,4.02
Sagardighi,BAYRON BISWAS,90781,43.72,TAPAS KUMAR CHAKRABORTY,56521,27.22,MASIUR RAHAMAN,59171,28.49
Sainthia,NILABATI SAHA,104748,43.43,KRISHNA KANTA SAHA,115054,47.71,DEBU CHUNARI,21373,8.85
Salboni,SRIKANTA MAHATA,117613,44.14,BIMAN MAHATA,132856,49.86,MOHAN TUDU,16006,6.0
Saltora,UTTAM BAURI,83045,38.01,CHANDANA BAURI,115180,52.72,NANDADULAL BAURI,20266,9.29
Samserganj,MOHAMMED NOOR ALAM,61918,39.84,SASTI CHARAN GHOSH,34522,22.21,MD NAJME ALAM,57638,37.08
Sandeshkhali,JHARNA SARDAR,89679,41.48,SANAT SARDAR,107189,49.58,RABINDRA NATH MAHATA,17496,8.09
Sankrail,PRIYA PAUL,105412,45.99,BARNALI DHALI NASKAR,88672,38.69,SAMIR MALICK,33714,14.71
Santipur,BRAJAKISHORE GOSWAMI,72565,33.76,SWAPAN KUMAR DAS,117941,54.86,SOUMEN MAHATO,22220,10.32
Saptagram,BIDESH RANJAN BOSE,79125,40.25,SWARAJ GHOSH,102414,52.1,ANIRBAN SARKAR,13877,7.06
Satgachhia,SOMASHREE BETAL,110622,46.21,AGNISWAR NASKAR,111023,46.38,GOUTAM PAL,17060,7.13
Shibpur,DR. RANA CHATTERJEE,73557,40.57,RUDRANIL GHOSH,89615,49.42,DR. JAGANNATH BHATTACHARYYA,17395,9.6
Shyampukur,SHASHI PANJA,45615,39.06,PURNIMA CHAKRABORTY,60248,51.6,JHUMA DAS,10232,8.76
Shyampur,NADEBASI JANA,103391,42.26,DR. HIRANMOY CHATTOPADHYAYA (HIRAAN),125651,51.36,ASIT BARAN SAU,13359,5.46
Siliguri,GOUTAM DEB,47568,25.91,SHANKAR GHOSH,120760,65.78,SARADINDU CHAKRABORTY (JOY),14291,7.79
Singur,BECHARAM MANNA,91570,41.14,ARUP KUMAR DAS,113008,50.77,DEBASHIS CHATTERJEE,17744,7.99
Sitai,SANGITA ROY,128188,48.31,ASHUTOSH BARMA,125467,47.29,RABIN ROY,11125,4.19
Sitalkuchi,HARIHAR DAS,119089,42.56,SABITRI BARMAN,144367,51.59,NAMADIPTI ROY ADHIKARY,14415,5.15
Sonamukhi,KALLOL SAHA,86139,38.83,DIBAKAR GHARAMI,115549,52.08,AJIT RAY,17217,7.77
Sonarpur Dakshin,ARUNDHUTI MAITRA(LOVELY),93188,37.82,RUPA GANGULY,128970,52.34,PARAMITA DASGUPTA,22415,9.09
Sonarpur Uttar,FIRDOUSI BEGAM,110017,42.9,DEBASISH DHAR,119824,46.73,MONALISA SINHA,24886,9.7
Sreerampur,TANMOY GHOSH,76959,41.31,BHASKAR BHATTACHARYA,85644,45.97,NABANITA CHAKRABORTY,22682,12.18
Sujapur,SABINA YEASMIN,112795,49.66,ABHIJIT RAJAK,20066,8.83,ABDUL HANNAN,90970,40.05
Suri,UJJAL CHATTERJEE,95557,40.07,JAGANNATH CHATTOPADHYAY,124243,52.09,MOTIUR RAHAMAN,15901,6.68
Suti,EMANI BISWAS,81330,36.83,MAHABIR GHOSH,68973,31.23,ALFAJUDDIN BISWAS,68914,31.21
Swarupnagar,BINA MONDAL,94813,43.47,TARAK SAHA,78796,36.13,BISWAJIT  MONDAL,43641,20.0
Taldangra,FALGUNI SINGHABABU,74464,33.86,SOUVIK PATRA,124537,56.62,DEBKANTI MAHANTI,20375,9.26
Tamluk,DIPENDRA NARAYAN ROY,101837,39.64,HARE KRISHNA BERA,136566,53.15,NABENDU GHARA,17877,6.96
Tapan,CHINTAMANI BIHA,68793,36.85,BUDHRAI TUDU,105780,56.66,BAPPAI HORO,10973,5.87
Tarakeswar,RAMENDU SINHARAY,85902,38.77,SANTU PAN,116901,52.76,ADESH KHAMRUI,15114,6.82
Tehatta,DILIP KUMAR PODDAR,83885,35.91,SUBRATA KABIRAJ,112138,48.01,SUBODH CHANDRA BISWAS,36597,15.66
Tollyganj,AROOP BISWAS,82394,40.06,PAPIA ADHIKARY,88407,42.99,PARTHA PRATIM BISWAS,34252,16.66
Tufanganj,SHIBSANKAR PAUL,96068,41.62,MALATI RAVA ROY,122525,53.08,DHANANJOY RAVA,10783,4.68
Udaynarayanpur,SAMIR KUMAR PANJA,105802,49.53,PROBHAKAR PANDIT,93575,43.81,SASTHI MAJI,12981,6.08
Uluberia Dakshin,PULAK ROY,109649,48.46,SWAMI MANGALANANDA PURI,92462,40.86,AMIRUL ISLAM KHAN,22084,9.75
Uluberia Purba,RITABRATA BANERJEE,95633,45.97,RUDRA PROSAD BANERJEE,83795,40.28,NASIR KHAN,26928,12.95
Uluberia Uttar,BIMAL KUMAR DAS,89143,43.81,CHIRAN BERA,93320,45.87,ASHOK DALUI,19168,9.42
Uttarpara,SIRSANYA BANDOPADHYAY,70197,34.17,DIPANJAN CHAKRABORTY,80612,39.24,MINAKSHI MUKHERJEE,54261,26.42
